{"_id":"617ef50c62203d5a0970877948dbc87f","sort":"其他垃圾","sortEng":"RESIDUAL WASTE","conceptTitle":"其他垃圾概念","content":"其他垃圾指危害比较小，没有再次利用的价值的垃圾，如建筑垃圾，生活垃圾等，一般都采取填埋、焚烧、卫生分解等方法处理，部分还可以使用生物分解的方法解决，如放蚯蚓等。其他垃圾是可回收物、厨余垃圾、有害垃圾剩余下来的一种垃圾种类。","imgUrl":"cloud://test-ov0b5.7465-test-ov0b5-1301185373/garbageIcon/kitchenIcon/chuyulaji.png"}
