{"_id":"617ef50c62207442097ccacb3ce3c88b","iconUrl":"cloud://test-ov0b5.7465-test-ov0b5-1301185373/garbageIcon/residualIcon/zhuanwa.png","title":"砖瓦类"}
{"_id":"41ae62ef622074470a1dbd862b3f8a58","iconUrl":"cloud://test-ov0b5.7465-test-ov0b5-1301185373/garbageIcon/residualIcon/zhatu.png","title":"渣土类"}
{"_id":"41ae62ef6220744d0a1dbe0c382b7972","iconUrl":"cloud://test-ov0b5.7465-test-ov0b5-1301185373/garbageIcon/residualIcon/yicixingyongpin.png","title":"一次性用品"}
{"_id":"54ad1eea62207453140ac0db76ab8967","iconUrl":"cloud://test-ov0b5.7465-test-ov0b5-1301185373/garbageIcon/residualIcon/qitalaji-yantou.png","title":"烟头"}
{"_id":"54ad1eea62207458140ac1cb6fdc32fc","iconUrl":"cloud://test-ov0b5.7465-test-ov0b5-1301185373/garbageIcon/residualIcon/qitalaji-wuranzhizhang.png","title":"污染纸巾"}
{"_id":"bf4a0bf26220745e12817b455af57aec","iconUrl":"cloud://test-ov0b5.7465-test-ov0b5-1301185373/garbageIcon/residualIcon/qitalaji-pojiutaocipin.png","title":"破碎陶瓷"}
{"_id":"41ae62ef622074640a1dc2257f259726","iconUrl":"cloud://test-ov0b5.7465-test-ov0b5-1301185373/garbageIcon/residualIcon/qitalaji-chongwufenbian.png","title":"宠物粪便"}


